9~S5191~Elevate~Elevate~25~~21TM19601~Arusha Insulated Jacket - Mens~~~Jackets/Insulated | ~Apparel | Jackets~Jackets |  Insulated |  Navy |  Grey Storm |  Black |  Aspen Blue |  Elevate |  Outer Shell: 100% Polyester graphic pattern with water resistant coating and water repellent finish. 75 g & m2 (2.2 oz & yd2). Contrast: 100% Polyester with water resistant coating and water repellent finish.  |  Emboss |  Embroid |  Transfer |  HXD~~0~The Arusha insulated jacket features a graphic pattern woven with a water resistant coating and water repellent finish. The tonal pattern adds character and style in four staple colours. Turn to the Arusha jacket during extreme cold weather with its Thermaltech protection. A great jacket for corporate, team, school and resort wear.~'Interior storm flap, Dropped back hem, Detachable zip off contour hood with drawcord_x000D_
Interior zipper pockets, Articulated elbows.Outer Shell: 100% Polyester graphic pattern with water resistant coating and water repellent finish. 75 g/m2 (2.2 oz/yd2). Contrast: 100% Polyester with water resistant coating and water repellent finish. Lining: 100% Polyester taffeta body. 100% Polyester mesh interior pocket. Fabric Insulation: 100% Polyester soft fill body and collar. 160 g/m2 (4.7 oz/yd2). 100% Polyester soft fill sleeves. 140 g/m2 (4.1 oz/yd2). 100% Polyester soft fill hood. 60 g/m2 (1.8 oz/yd2).'~'Interior storm flap, Dropped back hem, Detachable zip off contour hood with drawcord_x000D_
Interior zipper pockets, Articulated elbows.'~Outer Shell: 100% Polyester graphic pattern with water resistant coating and water repellent finish. 75 g/m2 (2.2 oz/yd2). Contrast: 100% Polyester with water resistant coating and water repellent finish. Lining: 100% Polyester taffeta body. 100% Polyester mesh interior pocket. Fabric Insulation: 100% Polyester soft fill body and collar. 160 g/m2 (4.7 oz/yd2). 100% Polyester soft fill sleeves. 140 g/m2 (4.1 oz/yd2). 100% Polyester soft fill hood. 60 g/m2 (1.8 oz/yd2).~S - 5XL (4XL and 5XL selected colours only).~Polybag~TM19601430_B_OFF.jpg~TM19601430_A_OFF.jpg | TM19601575_A_OFF.jpg | TM19601575_B_OFF.jpg | TM19601991_A_OFF.jpg | TM19601991_B_OFF.jpg | TM19601995_A_OFF.jpg | TM19601995_B_GRP_OFF.jpg | TM19601995_B_OFF.jpg | TM19601430_B_ON_Cropped-1.jpg | TM19601430_D-1_On.jpg | TM19601430_D-2_On.jpg | TM19601430_D-3_On.jpg | TM19601430_D-4_On.jpg | TM19601430_D_ON.jpg |~~Navy | Grey Storm | Black | Aspen Blue~Navy | Grey Storm | Black | Aspen Blue~~~~~~Embroider | Deboss | Transfer | HXD~Decorated item pricing includes one of the decoration options available for the product. Embroidery (where available) to a maximum of 10,000 stitches or HXD standard finish to a maximum of 30 sq cm.~0~1~Last created : 01/Mar/17~Subject to stock availability at time of order placement.  Allow 10-12 working days from artwork approval for final delivery to Brisbane, Sydney, Melbourne, Adelaide or Canberra only.  Allow additional time for deliveries direct to end-clients, other areas or multi-location shipments.~Prices are effective as of 1 March 2017   (Prices are subject to change without prior notice) ~Decorated item pricing includes one of the decoration options available for the product. Embroidery (where available) to a maximum of 10,000 stitches or HXD standard finish to a maximum of 30 sq cm.  Freight Charges: ALL deliveries will incur a charge of $10.00 for the first carton and $5 per additional carton Sydney, Melbourne, Brisbane, ACT and Adelaide metro.  Please contact our customer service team for pricing to WA and non-metro areas.  Deliveries to more than one location will incur the above delivery charges as well as a drop-ship charge of $10.00 per location.~1 Position~Embroidery~Embroidery~~~12~~12~127.35~50~110.75~100~100.96~250~98.49~500~96.04~~~~~~~Non-HXD Setup~~110~110~HXD Setup~110~ ~686~458~330~14~10~0.10368204~Estimated only.  Actual shipping carton specifications may vary per order.~ALL deliveries will incur a charge of $10.00 for the first carton and $5 per additional carton Sydney, Melbourne, Brisbane, ACT and Adelaide metro.  Please contact our customer service team for pricing to WA and non-metro areas.  Deliveries to more than one location will incur the above delivery charges as well as a drop-ship charge of $10.00 per location.~http://www.therange.com.au/appa/?TM19601
9~S5191~Elevate~Elevate~26~~21TM19601~Arusha Insulated Jacket - Mens~~~Jackets/Insulated | ~Apparel | Jackets~Jackets |  Insulated |  Navy |  Grey Storm |  Black |  Aspen Blue |  Elevate |  Outer Shell: 100% Polyester graphic pattern with water resistant coating and water repellent finish. 75 g & m2 (2.2 oz & yd2). Contrast: 100% Polyester with water resistant coating and water repellent finish.  |  Emboss |  Embroid |  Transfer |  HXD~~0~The Arusha insulated jacket features a graphic pattern woven with a water resistant coating and water repellent finish. The tonal pattern adds character and style in four staple colours. Turn to the Arusha jacket during extreme cold weather with its Thermaltech protection. A great jacket for corporate, team, school and resort wear.~'Interior storm flap, Dropped back hem, Detachable zip off contour hood with drawcord_x000D_
Interior zipper pockets, Articulated elbows.Outer Shell: 100% Polyester graphic pattern with water resistant coating and water repellent finish. 75 g/m2 (2.2 oz/yd2). Contrast: 100% Polyester with water resistant coating and water repellent finish. Lining: 100% Polyester taffeta body. 100% Polyester mesh interior pocket. Fabric Insulation: 100% Polyester soft fill body and collar. 160 g/m2 (4.7 oz/yd2). 100% Polyester soft fill sleeves. 140 g/m2 (4.1 oz/yd2). 100% Polyester soft fill hood. 60 g/m2 (1.8 oz/yd2).'~'Interior storm flap, Dropped back hem, Detachable zip off contour hood with drawcord_x000D_
Interior zipper pockets, Articulated elbows.'~Outer Shell: 100% Polyester graphic pattern with water resistant coating and water repellent finish. 75 g/m2 (2.2 oz/yd2). Contrast: 100% Polyester with water resistant coating and water repellent finish. Lining: 100% Polyester taffeta body. 100% Polyester mesh interior pocket. Fabric Insulation: 100% Polyester soft fill body and collar. 160 g/m2 (4.7 oz/yd2). 100% Polyester soft fill sleeves. 140 g/m2 (4.1 oz/yd2). 100% Polyester soft fill hood. 60 g/m2 (1.8 oz/yd2).~S - 5XL (4XL and 5XL selected colours only).~Polybag~TM19601430_B_OFF.jpg~TM19601430_A_OFF.jpg | TM19601575_A_OFF.jpg | TM19601575_B_OFF.jpg | TM19601991_A_OFF.jpg | TM19601991_B_OFF.jpg | TM19601995_A_OFF.jpg | TM19601995_B_GRP_OFF.jpg | TM19601995_B_OFF.jpg | TM19601430_B_ON_Cropped-1.jpg | TM19601430_D-1_On.jpg | TM19601430_D-2_On.jpg | TM19601430_D-3_On.jpg | TM19601430_D-4_On.jpg | TM19601430_D_ON.jpg |~~Navy | Grey Storm | Black | Aspen Blue~Navy | Grey Storm | Black | Aspen Blue~~~~~~Embroider | Deboss | Transfer | HXD~Decorated item pricing includes one of the decoration options available for the product. Embroidery (where available) to a maximum of 10,000 stitches or HXD standard finish to a maximum of 30 sq cm.~0~1~Last created : 01/Mar/17~Subject to stock availability at time of order placement.  Allow 10-12 working days from artwork approval for final delivery to Brisbane, Sydney, Melbourne, Adelaide or Canberra only.  Allow additional time for deliveries direct to end-clients, other areas or multi-location shipments.~Prices are effective as of 1 March 2017   (Prices are subject to change without prior notice) ~Decorated item pricing includes one of the decoration options available for the product. Embroidery (where available) to a maximum of 10,000 stitches or HXD standard finish to a maximum of 30 sq cm.  Freight Charges: ALL deliveries will incur a charge of $10.00 for the first carton and $5 per additional carton Sydney, Melbourne, Brisbane, ACT and Adelaide metro.  Please contact our customer service team for pricing to WA and non-metro areas.  Deliveries to more than one location will incur the above delivery charges as well as a drop-ship charge of $10.00 per location.~1 Position~HXD~HXD~~~12~~12~127.35~50~110.75~100~100.96~250~98.49~500~96.04~~~~~~~Non-HXD Setup~75~375~375~HXD Setup~~ ~686~458~330~14~10~0.10368204~Estimated only.  Actual shipping carton specifications may vary per order.~ALL deliveries will incur a charge of $10.00 for the first carton and $5 per additional carton Sydney, Melbourne, Brisbane, ACT and Adelaide metro.  Please contact our customer service team for pricing to WA and non-metro areas.  Deliveries to more than one location will incur the above delivery charges as well as a drop-ship charge of $10.00 per location.~http://www.therange.com.au/appa/?TM19601
9~S5191~Elevate~Elevate~27~~21TM19601~Arusha Insulated Jacket - Mens~~~Jackets/Insulated | ~Apparel | Jackets~Jackets |  Insulated |  Navy |  Grey Storm |  Black |  Aspen Blue |  Elevate |  Outer Shell: 100% Polyester graphic pattern with water resistant coating and water repellent finish. 75 g & m2 (2.2 oz & yd2). Contrast: 100% Polyester with water resistant coating and water repellent finish.  |  Emboss |  Embroid |  Transfer |  HXD~~0~The Arusha insulated jacket features a graphic pattern woven with a water resistant coating and water repellent finish. The tonal pattern adds character and style in four staple colours. Turn to the Arusha jacket during extreme cold weather with its Thermaltech protection. A great jacket for corporate, team, school and resort wear.~'Interior storm flap, Dropped back hem, Detachable zip off contour hood with drawcord_x000D_
Interior zipper pockets, Articulated elbows.Outer Shell: 100% Polyester graphic pattern with water resistant coating and water repellent finish. 75 g/m2 (2.2 oz/yd2). Contrast: 100% Polyester with water resistant coating and water repellent finish. Lining: 100% Polyester taffeta body. 100% Polyester mesh interior pocket. Fabric Insulation: 100% Polyester soft fill body and collar. 160 g/m2 (4.7 oz/yd2). 100% Polyester soft fill sleeves. 140 g/m2 (4.1 oz/yd2). 100% Polyester soft fill hood. 60 g/m2 (1.8 oz/yd2).'~'Interior storm flap, Dropped back hem, Detachable zip off contour hood with drawcord_x000D_
Interior zipper pockets, Articulated elbows.'~Outer Shell: 100% Polyester graphic pattern with water resistant coating and water repellent finish. 75 g/m2 (2.2 oz/yd2). Contrast: 100% Polyester with water resistant coating and water repellent finish. Lining: 100% Polyester taffeta body. 100% Polyester mesh interior pocket. Fabric Insulation: 100% Polyester soft fill body and collar. 160 g/m2 (4.7 oz/yd2). 100% Polyester soft fill sleeves. 140 g/m2 (4.1 oz/yd2). 100% Polyester soft fill hood. 60 g/m2 (1.8 oz/yd2).~S - 5XL (4XL and 5XL selected colours only).~Polybag~TM19601430_B_OFF.jpg~TM19601430_A_OFF.jpg | TM19601575_A_OFF.jpg | TM19601575_B_OFF.jpg | TM19601991_A_OFF.jpg | TM19601991_B_OFF.jpg | TM19601995_A_OFF.jpg | TM19601995_B_GRP_OFF.jpg | TM19601995_B_OFF.jpg | TM19601430_B_ON_Cropped-1.jpg | TM19601430_D-1_On.jpg | TM19601430_D-2_On.jpg | TM19601430_D-3_On.jpg | TM19601430_D-4_On.jpg | TM19601430_D_ON.jpg |~~Navy | Grey Storm | Black | Aspen Blue~Navy | Grey Storm | Black | Aspen Blue~~~~~~Embroider | Deboss | Transfer | HXD~Decorated item pricing includes one of the decoration options available for the product. Embroidery (where available) to a maximum of 10,000 stitches or HXD standard finish to a maximum of 30 sq cm.~0~1~Last created : 01/Mar/17~Subject to stock availability at time of order placement.  Allow 10-12 working days from artwork approval for final delivery to Brisbane, Sydney, Melbourne, Adelaide or Canberra only.  Allow additional time for deliveries direct to end-clients, other areas or multi-location shipments.~Prices are effective as of 1 March 2017   (Prices are subject to change without prior notice) ~Decorated item pricing includes one of the decoration options available for the product. Embroidery (where available) to a maximum of 10,000 stitches or HXD standard finish to a maximum of 30 sq cm.  Freight Charges: ALL deliveries will incur a charge of $10.00 for the first carton and $5 per additional carton Sydney, Melbourne, Brisbane, ACT and Adelaide metro.  Please contact our customer service team for pricing to WA and non-metro areas.  Deliveries to more than one location will incur the above delivery charges as well as a drop-ship charge of $10.00 per location.~1 Position~Transfer~Transfer~~~12~~12~127.35~50~110.75~100~100.96~250~98.49~500~96.04~~~~~~~Non-HXD Setup~75~110~110~HXD Setup~110~ ~686~458~330~14~10~0.10368204~Estimated only.  Actual shipping carton specifications may vary per order.~ALL deliveries will incur a charge of $10.00 for the first carton and $5 per additional carton Sydney, Melbourne, Brisbane, ACT and Adelaide metro.  Please contact our customer service team for pricing to WA and non-metro areas.  Deliveries to more than one location will incur the above delivery charges as well as a drop-ship charge of $10.00 per location.~http://www.therange.com.au/appa/?TM19601
19~S5191~Elevate~Elevate~55~~21TM19531~Bryce  Insulated Softshell  Jacket - Mens~~~Jackets/Insulated Softshells | ~Apparel | Jackets~Jackets |  Insulated Softshells |  Navy |  Charcoal |  Black |  Elevate |  Outer Shell: 100% Polyester mechanical stretch woven bonded to 100% Polyester interlock with waterproof |  breathable membrane and water repellent finish. 255 g & m2 (7.5 oz & yd2).  |  Emboss |  Embroid |  Laser |  Transfer |  HXD~~0~Technical capability goes to the next level with the Bryce Insulated Softshell Jacket. The polyester mechanical stretch weave is bonded to interlock material with a waterproof and breathable membrane with a water repellant finish. Easy grip zipper pulls, interior pockets including a mesh stowable pocket, and adjustable cuff tabs with Velcro closures, make this a go-to go-anywhere outer garment.~Centre front exposed coil zipper, Centre front easy grip zipper pull with interior storm flap, Lower exposed coil zipper pockets, Upper exposed coil zipper, Interior mesh stowable pocket with velcro closure. Detachable zip off contour hood with drawcord and exterior cordlocks.Outer Shell: 100% Polyester mechanical stretch woven bonded to 100% Polyester interlock with waterproof, breathable membrane and water repellent finish. 255 g/m2 (7.5 oz/yd2). Lining: 100% Polyester taffeta body. 100% Polyester brushed tricot knit pocket bags. 100% Polyester mesh interior pocket. Insulation: 100% Polyester soft fill body. 100 g/m2 (3 oz/yd2). 100% Polyester soft fill sleeves and collar. 80 g/m2 (2.4 oz/yd2). 100% Polyester soft fill hood. 60 g/m2 (1.8 oz/yd2).~Centre front exposed coil zipper, Centre front easy grip zipper pull with interior storm flap, Lower exposed coil zipper pockets, Upper exposed coil zipper, Interior mesh stowable pocket with velcro closure. Detachable zip off contour hood with drawcord and exterior cordlocks.~Outer Shell: 100% Polyester mechanical stretch woven bonded to 100% Polyester interlock with waterproof, breathable membrane and water repellent finish. 255 g/m2 (7.5 oz/yd2). Lining: 100% Polyester taffeta body. 100% Polyester brushed tricot knit pocket bags. 100% Polyester mesh interior pocket. Insulation: 100% Polyester soft fill body. 100 g/m2 (3 oz/yd2). 100% Polyester soft fill sleeves and collar. 80 g/m2 (2.4 oz/yd2). 100% Polyester soft fill hood. 60 g/m2 (1.8 oz/yd2).~S - 5XL~Polybag~TM19531995_B_OFF.jpg~TM19531575_A_OFF.jpg | TM19531995_ON_LB.jpg | TM19531990_B_OFF.jpg | TM19531990_A_OFF.jpg | TM19531990_B-5_OFF.jpg | TM19531995_A_OFF.jpg | TM19531575_B_OFF.jpg | TM19531990_B_ON_Cropped-1.jpg | TM19531990_D_ON_CROPPED_TM99531.jpg | TM19531575_D_OFF.jpg | TM19531990_D_ON_TM99531.jpg |~~Navy | Charcoal | Black~Navy | Charcoal | Black~~~~~~Embroider | Deboss | Laser | Transfer | HXD~Decorated item pricing includes one of the decoration options available for the product. Embroidery (where available) to a maximum of 10,000 stitches or HXD standard finish to a maximum of 30 sq cm.~0~1~Last created : 01/Mar/17~Subject to stock availability at time of order placement.  Allow 10-12 working days from artwork approval for final delivery to Brisbane, Sydney, Melbourne, Adelaide or Canberra only.  Allow additional time for deliveries direct to end-clients, other areas or multi-location shipments.~Prices are effective as of 1 March 2017   (Prices are subject to change without prior notice) ~Decorated item pricing includes one of the decoration options available for the product. Embroidery (where available) to a maximum of 10,000 stitches or HXD standard finish to a maximum of 30 sq cm.  Freight Charges: ALL deliveries will incur a charge of $10.00 for the first carton and $5 per additional carton Sydney, Melbourne, Brisbane, ACT and Adelaide metro.  Please contact our customer service team for pricing to WA and non-metro areas.  Deliveries to more than one location will incur the above delivery charges as well as a drop-ship charge of $10.00 per location.~1 Position~Embroidery~Embroidery~~~12~~12~144.56~25~142.32~50~130.17~100~120.14~250~115.9~~~~~~~Non-HXD Setup~~110~110~HXD Setup~110~ ~610~381~458~14~14~0.10644378~Estimated only.  Actual shipping carton specifications may vary per order.~ALL deliveries will incur a charge of $10.00 for the first carton and $5 per additional carton Sydney, Melbourne, Brisbane, ACT and Adelaide metro.  Please contact our customer service team for pricing to WA and non-metro areas.  Deliveries to more than one location will incur the above delivery charges as well as a drop-ship charge of $10.00 per location.~http://www.therange.com.au/appa/?TM19531
19~S5191~Elevate~Elevate~56~~21TM19531~Bryce  Insulated Softshell  Jacket - Mens~~~Jackets/Insulated Softshells | ~Apparel | Jackets~Jackets |  Insulated Softshells |  Navy |  Charcoal |  Black |  Elevate |  Outer Shell: 100% Polyester mechanical stretch woven bonded to 100% Polyester interlock with waterproof |  breathable membrane and water repellent finish. 255 g & m2 (7.5 oz & yd2).  |  Emboss |  Embroid |  Laser |  Transfer |  HXD~~0~Technical capability goes to the next level with the Bryce Insulated Softshell Jacket. The polyester mechanical stretch weave is bonded to interlock material with a waterproof and breathable membrane with a water repellant finish. Easy grip zipper pulls, interior pockets including a mesh stowable pocket, and adjustable cuff tabs with Velcro closures, make this a go-to go-anywhere outer garment.~Centre front exposed coil zipper, Centre front easy grip zipper pull with interior storm flap, Lower exposed coil zipper pockets, Upper exposed coil zipper, Interior mesh stowable pocket with velcro closure. Detachable zip off contour hood with drawcord and exterior cordlocks.Outer Shell: 100% Polyester mechanical stretch woven bonded to 100% Polyester interlock with waterproof, breathable membrane and water repellent finish. 255 g/m2 (7.5 oz/yd2). Lining: 100% Polyester taffeta body. 100% Polyester brushed tricot knit pocket bags. 100% Polyester mesh interior pocket. Insulation: 100% Polyester soft fill body. 100 g/m2 (3 oz/yd2). 100% Polyester soft fill sleeves and collar. 80 g/m2 (2.4 oz/yd2). 100% Polyester soft fill hood. 60 g/m2 (1.8 oz/yd2).~Centre front exposed coil zipper, Centre front easy grip zipper pull with interior storm flap, Lower exposed coil zipper pockets, Upper exposed coil zipper, Interior mesh stowable pocket with velcro closure. Detachable zip off contour hood with drawcord and exterior cordlocks.~Outer Shell: 100% Polyester mechanical stretch woven bonded to 100% Polyester interlock with waterproof, breathable membrane and water repellent finish. 255 g/m2 (7.5 oz/yd2). Lining: 100% Polyester taffeta body. 100% Polyester brushed tricot knit pocket bags. 100% Polyester mesh interior pocket. Insulation: 100% Polyester soft fill body. 100 g/m2 (3 oz/yd2). 100% Polyester soft fill sleeves and collar. 80 g/m2 (2.4 oz/yd2). 100% Polyester soft fill hood. 60 g/m2 (1.8 oz/yd2).~S - 5XL~Polybag~TM19531995_B_OFF.jpg~TM19531575_A_OFF.jpg | TM19531995_ON_LB.jpg | TM19531990_B_OFF.jpg | TM19531990_A_OFF.jpg | TM19531990_B-5_OFF.jpg | TM19531995_A_OFF.jpg | TM19531575_B_OFF.jpg | TM19531990_B_ON_Cropped-1.jpg | TM19531990_D_ON_CROPPED_TM99531.jpg | TM19531575_D_OFF.jpg | TM19531990_D_ON_TM99531.jpg |~~Navy | Charcoal | Black~Navy | Charcoal | Black~~~~~~Embroider | Deboss | Laser | Transfer | HXD~Decorated item pricing includes one of the decoration options available for the product. Embroidery (where available) to a maximum of 10,000 stitches or HXD standard finish to a maximum of 30 sq cm.~0~1~Last created : 01/Mar/17~Subject to stock availability at time of order placement.  Allow 10-12 working days from artwork approval for final delivery to Brisbane, Sydney, Melbourne, Adelaide or Canberra only.  Allow additional time for deliveries direct to end-clients, other areas or multi-location shipments.~Prices are effective as of 1 March 2017   (Prices are subject to change without prior notice) ~Decorated item pricing includes one of the decoration options available for the product. Embroidery (where available) to a maximum of 10,000 stitches or HXD standard finish to a maximum of 30 sq cm.  Freight Charges: ALL deliveries will incur a charge of $10.00 for the first carton and $5 per additional carton Sydney, Melbourne, Brisbane, ACT and Adelaide metro.  Please contact our customer service team for pricing to WA and non-metro areas.  Deliveries to more than one location will incur the above delivery charges as well as a drop-ship charge of $10.00 per location.~1 Position~HXD~HXD~~~12~~12~144.56~25~142.32~50~130.17~100~120.14~250~115.9~~~~~~~Non-HXD Setup~75~375~375~HXD Setup~~ ~610~381~458~14~14~0.10644378~Estimated only.  Actual shipping carton specifications may vary per order.~ALL deliveries will incur a charge of $10.00 for the first carton and $5 per additional carton Sydney, Melbourne, Brisbane, ACT and Adelaide metro.  Please contact our customer service team for pricing to WA and non-metro areas.  Deliveries to more than one location will incur the above delivery charges as well as a drop-ship charge of $10.00 per location.~http://www.therange.com.au/appa/?TM19531
19~S5191~Elevate~Elevate~57~~21TM19531~Bryce  Insulated Softshell  Jacket - Mens~~~Jackets/Insulated Softshells | ~Apparel | Jackets~Jackets |  Insulated Softshells |  Navy |  Charcoal |  Black |  Elevate |  Outer Shell: 100% Polyester mechanical stretch woven bonded to 100% Polyester interlock with waterproof |  breathable membrane and water repellent finish. 255 g & m2 (7.5 oz & yd2).  |  Emboss |  Embroid |  Laser |  Transfer |  HXD~~0~Technical capability goes to the next level with the Bryce Insulated Softshell Jacket. The polyester mechanical stretch weave is bonded to interlock material with a waterproof and breathable membrane with a water repellant finish. Easy grip zipper pulls, interior pockets including a mesh stowable pocket, and adjustable cuff tabs with Velcro closures, make this a go-to go-anywhere outer garment.~Centre front exposed coil zipper, Centre front easy grip zipper pull with interior storm flap, Lower exposed coil zipper pockets, Upper exposed coil zipper, Interior mesh stowable pocket with velcro closure. Detachable zip off contour hood with drawcord and exterior cordlocks.Outer Shell: 100% Polyester mechanical stretch woven bonded to 100% Polyester interlock with waterproof, breathable membrane and water repellent finish. 255 g/m2 (7.5 oz/yd2). Lining: 100% Polyester taffeta body. 100% Polyester brushed tricot knit pocket bags. 100% Polyester mesh interior pocket. Insulation: 100% Polyester soft fill body. 100 g/m2 (3 oz/yd2). 100% Polyester soft fill sleeves and collar. 80 g/m2 (2.4 oz/yd2). 100% Polyester soft fill hood. 60 g/m2 (1.8 oz/yd2).~Centre front exposed coil zipper, Centre front easy grip zipper pull with interior storm flap, Lower exposed coil zipper pockets, Upper exposed coil zipper, Interior mesh stowable pocket with velcro closure. Detachable zip off contour hood with drawcord and exterior cordlocks.~Outer Shell: 100% Polyester mechanical stretch woven bonded to 100% Polyester interlock with waterproof, breathable membrane and water repellent finish. 255 g/m2 (7.5 oz/yd2). Lining: 100% Polyester taffeta body. 100% Polyester brushed tricot knit pocket bags. 100% Polyester mesh interior pocket. Insulation: 100% Polyester soft fill body. 100 g/m2 (3 oz/yd2). 100% Polyester soft fill sleeves and collar. 80 g/m2 (2.4 oz/yd2). 100% Polyester soft fill hood. 60 g/m2 (1.8 oz/yd2).~S - 5XL~Polybag~TM19531995_B_OFF.jpg~TM19531575_A_OFF.jpg | TM19531995_ON_LB.jpg | TM19531990_B_OFF.jpg | TM19531990_A_OFF.jpg | TM19531990_B-5_OFF.jpg | TM19531995_A_OFF.jpg | TM19531575_B_OFF.jpg | TM19531990_B_ON_Cropped-1.jpg | TM19531990_D_ON_CROPPED_TM99531.jpg | TM19531575_D_OFF.jpg | TM19531990_D_ON_TM99531.jpg |~~Navy | Charcoal | Black~Navy | Charcoal | Black~~~~~~Embroider | Deboss | Laser | Transfer | HXD~Decorated item pricing includes one of the decoration options available for the product. Embroidery (where available) to a maximum of 10,000 stitches or HXD standard finish to a maximum of 30 sq cm.~0~1~Last created : 01/Mar/17~Subject to stock availability at time of order placement.  Allow 10-12 working days from artwork approval for final delivery to Brisbane, Sydney, Melbourne, Adelaide or Canberra only.  Allow additional time for deliveries direct to end-clients, other areas or multi-location shipments.~Prices are effective as of 1 March 2017   (Prices are subject to change without prior notice) ~Decorated item pricing includes one of the decoration options available for the product. Embroidery (where available) to a maximum of 10,000 stitches or HXD standard finish to a maximum of 30 sq cm.  Freight Charges: ALL deliveries will incur a charge of $10.00 for the first carton and $5 per additional carton Sydney, Melbourne, Brisbane, ACT and Adelaide metro.  Please contact our customer service team for pricing to WA and non-metro areas.  Deliveries to more than one location will incur the above delivery charges as well as a drop-ship charge of $10.00 per location.~1 Position~Transfer~Transfer~~~12~~12~144.56~25~142.32~50~130.17~100~120.14~250~115.9~~~~~~~Non-HXD Setup~75~110~110~HXD Setup~110~ ~610~381~458~14~14~0.10644378~Estimated only.  Actual shipping carton specifications may vary per order.~ALL deliveries will incur a charge of $10.00 for the first carton and $5 per additional carton Sydney, Melbourne, Brisbane, ACT and Adelaide metro.  Please contact our customer service team for pricing to WA and non-metro areas.  Deliveries to more than one location will incur the above delivery charges as well as a drop-ship charge of $10.00 per location.~http://www.therange.com.au/appa/?TM19531
55~S5191~Elevate~Elevate~160~~21TM96608~Jepson Short Sleeve Polo - Womens~~~Polos/Webtech | ~Apparel | Polo Shirts | Ladies Polo Shirts~Polos |  Webtech |  White |  Vintage Red |  Vintage Navy |  Olympic Blue |  Black |  Anthracite |  Elevate |  68% Cotton 32% Micro polyester slub yarn plaited jersey knit with wicking finish. 150 g & m2 (4.4 oz & yd2). |  Embroid |  Transfer |  HXD~~0~'Sporty style that lets you express your inner athlete. The Jepson Short Sleeve Polo is constructed from a_x000D_
68% Cotton, 32% Micro polyester blend fabric with a wicking finish. Features include the classic Johnny collar, a narrow coverstitch detail at the front and back body panel, plus a tapered waist for an even more flattering fit. Available in 6 distinctively subtle colours.'~Self fabric collar, Narrow twin needle topstitch detail at sleeves & body hem, Narrow coverstitch detail at front & back body panel.68% Cotton 32% Micro polyester slub yarn plaited jersey knit with wicking finish. 150 g/m2 (4.4 oz/yd2).~Self fabric collar, Narrow twin needle topstitch detail at sleeves & body hem, Narrow coverstitch detail at front & back body panel.~68% Cotton 32% Micro polyester slub yarn plaited jersey knit with wicking finish. 150 g/m2 (4.4 oz/yd2).~XS - 3XL~Polybag~TM96608369_B_OFF.jpg~TM96608125_A_OFF.jpg | TM96608125_B_OFF.jpg | TM96608189_A_OFF.jpg | TM96608369_A_OFF.jpg | TM96608431_A_OFF.jpg | TM96608431_B_OFF.jpg | TM96608573_A_OFF.jpg | TM96608573_B_OFF.jpg | TM96608995_A_OFF.jpg | TM96608995_B_OFF.jpg | TM96608189_B_OFF.jpg | TM96608369_B_ON_Cropped-1.jpg | TM96608125_D_ON.jpg | TM966085731_1.jpg |~~White | Vintage Red | Vintage Navy | Olympic Blue | Black | Anthracite~White | Vintage Red | Vintage Navy | Olympic Blue | Black | Anthracite~~~~~~Embroider | Transfer | HXD~Decorated item pricing includes one of the decoration options available for the product. Embroidery (where available) to a maximum of 10,000 stitches or HXD standard finish to a maximum of 30 sq cm.~0~1~Last created : 01/Mar/17~Subject to stock availability at time of order placement.  Allow 10-12 working days from artwork approval for final delivery to Brisbane, Sydney, Melbourne, Adelaide or Canberra only.  Allow additional time for deliveries direct to end-clients, other areas or multi-location shipments.~Prices are effective as of 1 March 2017   (Prices are subject to change without prior notice) ~Decorated item pricing includes one of the decoration options available for the product. Embroidery (where available) to a maximum of 10,000 stitches or HXD standard finish to a maximum of 30 sq cm.  Freight Charges: ALL deliveries will incur a charge of $10.00 for the first carton and $5 per additional carton Sydney, Melbourne, Brisbane, ACT and Adelaide metro.  Please contact our customer service team for pricing to WA and non-metro areas.  Deliveries to more than one location will incur the above delivery charges as well as a drop-ship charge of $10.00 per location.~1 Position~Embroidery~Embroidery~~~12~~12~50.1~50~39.53~100~38.58~250~32.74~500~31.58~~~~~~~Non-HXD Setup~~110~110~HXD Setup~110~ ~530~355~200~7.7~30~0.03763~Estimated only.  Actual shipping carton specifications may vary per order.~ALL deliveries will incur a charge of $10.00 for the first carton and $5 per additional carton Sydney, Melbourne, Brisbane, ACT and Adelaide metro.  Please contact our customer service team for pricing to WA and non-metro areas.  Deliveries to more than one location will incur the above delivery charges as well as a drop-ship charge of $10.00 per location.~http://www.therange.com.au/appa/?TM96608
55~S5191~Elevate~Elevate~161~~21TM96608~Jepson Short Sleeve Polo - Womens~~~Polos/Webtech | ~Apparel | Polo Shirts | Ladies Polo Shirts~Polos |  Webtech |  White |  Vintage Red |  Vintage Navy |  Olympic Blue |  Black |  Anthracite |  Elevate |  68% Cotton 32% Micro polyester slub yarn plaited jersey knit with wicking finish. 150 g & m2 (4.4 oz & yd2). |  Embroid |  Transfer |  HXD~~0~'Sporty style that lets you express your inner athlete. The Jepson Short Sleeve Polo is constructed from a_x000D_
68% Cotton, 32% Micro polyester blend fabric with a wicking finish. Features include the classic Johnny collar, a narrow coverstitch detail at the front and back body panel, plus a tapered waist for an even more flattering fit. Available in 6 distinctively subtle colours.'~Self fabric collar, Narrow twin needle topstitch detail at sleeves & body hem, Narrow coverstitch detail at front & back body panel.68% Cotton 32% Micro polyester slub yarn plaited jersey knit with wicking finish. 150 g/m2 (4.4 oz/yd2).~Self fabric collar, Narrow twin needle topstitch detail at sleeves & body hem, Narrow coverstitch detail at front & back body panel.~68% Cotton 32% Micro polyester slub yarn plaited jersey knit with wicking finish. 150 g/m2 (4.4 oz/yd2).~XS - 3XL~Polybag~TM96608369_B_OFF.jpg~TM96608125_A_OFF.jpg | TM96608125_B_OFF.jpg | TM96608189_A_OFF.jpg | TM96608369_A_OFF.jpg | TM96608431_A_OFF.jpg | TM96608431_B_OFF.jpg | TM96608573_A_OFF.jpg | TM96608573_B_OFF.jpg | TM96608995_A_OFF.jpg | TM96608995_B_OFF.jpg | TM96608189_B_OFF.jpg | TM96608369_B_ON_Cropped-1.jpg | TM96608125_D_ON.jpg | TM966085731_1.jpg |~~White | Vintage Red | Vintage Navy | Olympic Blue | Black | Anthracite~White | Vintage Red | Vintage Navy | Olympic Blue | Black | Anthracite~~~~~~Embroider | Transfer | HXD~Decorated item pricing includes one of the decoration options available for the product. Embroidery (where available) to a maximum of 10,000 stitches or HXD standard finish to a maximum of 30 sq cm.~0~1~Last created : 01/Mar/17~Subject to stock availability at time of order placement.  Allow 10-12 working days from artwork approval for final delivery to Brisbane, Sydney, Melbourne, Adelaide or Canberra only.  Allow additional time for deliveries direct to end-clients, other areas or multi-location shipments.~Prices are effective as of 1 March 2017   (Prices are subject to change without prior notice) ~Decorated item pricing includes one of the decoration options available for the product. Embroidery (where available) to a maximum of 10,000 stitches or HXD standard finish to a maximum of 30 sq cm.  Freight Charges: ALL deliveries will incur a charge of $10.00 for the first carton and $5 per additional carton Sydney, Melbourne, Brisbane, ACT and Adelaide metro.  Please contact our customer service team for pricing to WA and non-metro areas.  Deliveries to more than one location will incur the above delivery charges as well as a drop-ship charge of $10.00 per location.~1 Position~HXD~HXD~~~12~~12~50.1~50~39.53~100~38.58~250~32.74~500~31.58~~~~~~~Non-HXD Setup~75~375~375~HXD Setup~~ ~530~355~200~7.7~30~0.03763~Estimated only.  Actual shipping carton specifications may vary per order.~ALL deliveries will incur a charge of $10.00 for the first carton and $5 per additional carton Sydney, Melbourne, Brisbane, ACT and Adelaide metro.  Please contact our customer service team for pricing to WA and non-metro areas.  Deliveries to more than one location will incur the above delivery charges as well as a drop-ship charge of $10.00 per location.~http://www.therange.com.au/appa/?TM96608
55~S5191~Elevate~Elevate~162~~21TM96608~Jepson Short Sleeve Polo - Womens~~~Polos/Webtech | ~Apparel | Polo Shirts | Ladies Polo Shirts~Polos |  Webtech |  White |  Vintage Red |  Vintage Navy |  Olympic Blue |  Black |  Anthracite |  Elevate |  68% Cotton 32% Micro polyester slub yarn plaited jersey knit with wicking finish. 150 g & m2 (4.4 oz & yd2). |  Embroid |  Transfer |  HXD~~0~'Sporty style that lets you express your inner athlete. The Jepson Short Sleeve Polo is constructed from a_x000D_
68% Cotton, 32% Micro polyester blend fabric with a wicking finish. Features include the classic Johnny collar, a narrow coverstitch detail at the front and back body panel, plus a tapered waist for an even more flattering fit. Available in 6 distinctively subtle colours.'~Self fabric collar, Narrow twin needle topstitch detail at sleeves & body hem, Narrow coverstitch detail at front & back body panel.68% Cotton 32% Micro polyester slub yarn plaited jersey knit with wicking finish. 150 g/m2 (4.4 oz/yd2).~Self fabric collar, Narrow twin needle topstitch detail at sleeves & body hem, Narrow coverstitch detail at front & back body panel.~68% Cotton 32% Micro polyester slub yarn plaited jersey knit with wicking finish. 150 g/m2 (4.4 oz/yd2).~XS - 3XL~Polybag~TM96608369_B_OFF.jpg~TM96608125_A_OFF.jpg | TM96608125_B_OFF.jpg | TM96608189_A_OFF.jpg | TM96608369_A_OFF.jpg | TM96608431_A_OFF.jpg | TM96608431_B_OFF.jpg | TM96608573_A_OFF.jpg | TM96608573_B_OFF.jpg | TM96608995_A_OFF.jpg | TM96608995_B_OFF.jpg | TM96608189_B_OFF.jpg | TM96608369_B_ON_Cropped-1.jpg | TM96608125_D_ON.jpg | TM966085731_1.jpg |~~White | Vintage Red | Vintage Navy | Olympic Blue | Black | Anthracite~White | Vintage Red | Vintage Navy | Olympic Blue | Black | Anthracite~~~~~~Embroider | Transfer | HXD~Decorated item pricing includes one of the decoration options available for the product. Embroidery (where available) to a maximum of 10,000 stitches or HXD standard finish to a maximum of 30 sq cm.~0~1~Last created : 01/Mar/17~Subject to stock availability at time of order placement.  Allow 10-12 working days from artwork approval for final delivery to Brisbane, Sydney, Melbourne, Adelaide or Canberra only.  Allow additional time for deliveries direct to end-clients, other areas or multi-location shipments.~Prices are effective as of 1 March 2017   (Prices are subject to change without prior notice) ~Decorated item pricing includes one of the decoration options available for the product. Embroidery (where available) to a maximum of 10,000 stitches or HXD standard finish to a maximum of 30 sq cm.  Freight Charges: ALL deliveries will incur a charge of $10.00 for the first carton and $5 per additional carton Sydney, Melbourne, Brisbane, ACT and Adelaide metro.  Please contact our customer service team for pricing to WA and non-metro areas.  Deliveries to more than one location will incur the above delivery charges as well as a drop-ship charge of $10.00 per location.~1 Position~Transfer~Transfer~~~12~~12~50.1~50~39.53~100~38.58~250~32.74~500~31.58~~~~~~~Non-HXD Setup~75~110~110~HXD Setup~110~ ~530~355~200~7.7~30~0.03763~Estimated only.  Actual shipping carton specifications may vary per order.~ALL deliveries will incur a charge of $10.00 for the first carton and $5 per additional carton Sydney, Melbourne, Brisbane, ACT and Adelaide metro.  Please contact our customer service team for pricing to WA and non-metro areas.  Deliveries to more than one location will incur the above delivery charges as well as a drop-ship charge of $10.00 per location.~http://www.therange.com.au/appa/?TM96608
111~S5191~Elevate~Elevate~325~~21TM19701~Ozark Insulated Jacket - Mens~~~Jackets/Insulated | ~Apparel | Jackets~Jackets |  Insulated |  Metro Blue  &  Navy |  Grey Storm  &  Saffron |  Grey  &  White |  Black  &  Grey Storm |  Elevate |  Outer Shell: 100% Polyester mechanical stretch woven with waterproof |  breathable membrane and water repellent finish. 125 g & m2 (3.7 oz & yd2). Contrast: 88% Polyester  &  12% Spandex knit storm cuffs.  |  Emboss |  Embroid |  Transfer |  HXD~~0~When the weather turns nastier, be ready with this fully seam-sealed jacket. The Ozark Insulated Jacket is constructed with ECHOHEAT thermal reflective technology that uses body heat to help keep you warm. Available in 4 distinctive colour  combinations. Laser not available on Black.~'Upper concealed reversed coil zipper pocket, Interior zipper and mesh sowable pocket_x000D_
Articulated elbows, Lower exposed contrast waterproof reversed coil zipper pockets, Interior media cord guide.Outer Shell: 100% Polyester mechanical stretch woven with waterproof, breathable membrane and water repellent finish. 125 g/m2 (3.7 oz/yd2). Contrast: 88% Polyester / 12% Spandex knit storm cuffs. Lining: 100% Polyester 240T ECHOHEAT™ body. 100% Polyester taffeta lower body, sleeves and hood. 100% Polyester anti-pill microfleece inner collar and upper storm flap. 100% Polyester brushed tricot knit pocket bags. Insulation: 100% Polyester soft fill body and collar. 140 g/m2 (4.1 oz/yd2). 100% Polyester soft fill sleeves. 100 g/m2 (3 oz/yd2). 100% Polyester soft fill hood. 80 g/m2 (2.4 oz/yd2).'~'Upper concealed reversed coil zipper pocket, Interior zipper and mesh sowable pocket_x000D_
Articulated elbows, Lower exposed contrast waterproof reversed coil zipper pockets, Interior media cord guide.'~Outer Shell: 100% Polyester mechanical stretch woven with waterproof, breathable membrane and water repellent finish. 125 g/m2 (3.7 oz/yd2). Contrast: 88% Polyester / 12% Spandex knit storm cuffs. Lining: 100% Polyester 240T ECHOHEAT™ body. 100% Polyester taffeta lower body, sleeves and hood. 100% Polyester anti-pill microfleece inner collar and upper storm flap. 100% Polyester brushed tricot knit pocket bags. Insulation: 100% Polyester soft fill body and collar. 140 g/m2 (4.1 oz/yd2). 100% Polyester soft fill sleeves. 100 g/m2 (3 oz/yd2). 100% Polyester soft fill hood. 80 g/m2 (2.4 oz/yd2).~S – 3XL~Polybag~TM197019912_5.jpg~TM197015502_5.jpg | TM197015502_11.jpg | TM197015502_13.jpg | TM197019402_2.jpg | TM197019402_3.jpg | TM197019402_7.jpg | TM197019912_1.jpg | TM197019912_2.jpg | TM197019912_9.jpg | TM197019952_1.jpg | TM197019952_2.jpg | TM19701995_B_ON_Cropped.jpg | TM197015502_12.jpg | TM197019912_8.jpg | TM197019952_4.jpg |~~Metro Blue / Navy | Grey Storm / Saffron | Grey / White | Black / Grey Storm~Metro Blue - Navy | Grey Storm - Saffron | Grey - White | Black - Grey Storm~~~~~~Embroider | Deboss | Transfer | HXD~Decorated item pricing includes one of the decoration options available for the product. Embroidery (where available) to a maximum of 10,000 stitches or HXD standard finish to a maximum of 30 sq cm.~0~1~Last created : 01/Mar/17~Subject to stock availability at time of order placement.  Allow 10-12 working days from artwork approval for final delivery to Brisbane, Sydney, Melbourne, Adelaide or Canberra only.  Allow additional time for deliveries direct to end-clients, other areas or multi-location shipments.~Prices are effective as of 1 March 2017   (Prices are subject to change without prior notice) ~Decorated item pricing includes one of the decoration options available for the product. Embroidery (where available) to a maximum of 10,000 stitches or HXD standard finish to a maximum of 30 sq cm.  Freight Charges: ALL deliveries will incur a charge of $10.00 for the first carton and $5 per additional carton Sydney, Melbourne, Brisbane, ACT and Adelaide metro.  Please contact our customer service team for pricing to WA and non-metro areas.  Deliveries to more than one location will incur the above delivery charges as well as a drop-ship charge of $10.00 per location.~1 Position~Embroidery~Embroidery~~~12~~12~215.69~50~183.29~100~182.78~250~182.46~500~176.28~~~~~~~Non-HXD Setup~~110~110~HXD Setup~110~ ~590~400~430~7.7~12~0.10148~Estimated only.  Actual shipping carton specifications may vary per order.~ALL deliveries will incur a charge of $10.00 for the first carton and $5 per additional carton Sydney, Melbourne, Brisbane, ACT and Adelaide metro.  Please contact our customer service team for pricing to WA and non-metro areas.  Deliveries to more than one location will incur the above delivery charges as well as a drop-ship charge of $10.00 per location.~http://www.therange.com.au/appa/?TM19701
111~S5191~Elevate~Elevate~326~~21TM19701~Ozark Insulated Jacket - Mens~~~Jackets/Insulated | ~Apparel | Jackets~Jackets |  Insulated |  Metro Blue  &  Navy |  Grey Storm  &  Saffron |  Grey  &  White |  Black  &  Grey Storm |  Elevate |  Outer Shell: 100% Polyester mechanical stretch woven with waterproof |  breathable membrane and water repellent finish. 125 g & m2 (3.7 oz & yd2). Contrast: 88% Polyester  &  12% Spandex knit storm cuffs.  |  Emboss |  Embroid |  Transfer |  HXD~~0~When the weather turns nastier, be ready with this fully seam-sealed jacket. The Ozark Insulated Jacket is constructed with ECHOHEAT thermal reflective technology that uses body heat to help keep you warm. Available in 4 distinctive colour  combinations. Laser not available on Black.~'Upper concealed reversed coil zipper pocket, Interior zipper and mesh sowable pocket_x000D_
Articulated elbows, Lower exposed contrast waterproof reversed coil zipper pockets, Interior media cord guide.Outer Shell: 100% Polyester mechanical stretch woven with waterproof, breathable membrane and water repellent finish. 125 g/m2 (3.7 oz/yd2). Contrast: 88% Polyester / 12% Spandex knit storm cuffs. Lining: 100% Polyester 240T ECHOHEAT™ body. 100% Polyester taffeta lower body, sleeves and hood. 100% Polyester anti-pill microfleece inner collar and upper storm flap. 100% Polyester brushed tricot knit pocket bags. Insulation: 100% Polyester soft fill body and collar. 140 g/m2 (4.1 oz/yd2). 100% Polyester soft fill sleeves. 100 g/m2 (3 oz/yd2). 100% Polyester soft fill hood. 80 g/m2 (2.4 oz/yd2).'~'Upper concealed reversed coil zipper pocket, Interior zipper and mesh sowable pocket_x000D_
Articulated elbows, Lower exposed contrast waterproof reversed coil zipper pockets, Interior media cord guide.'~Outer Shell: 100% Polyester mechanical stretch woven with waterproof, breathable membrane and water repellent finish. 125 g/m2 (3.7 oz/yd2). Contrast: 88% Polyester / 12% Spandex knit storm cuffs. Lining: 100% Polyester 240T ECHOHEAT™ body. 100% Polyester taffeta lower body, sleeves and hood. 100% Polyester anti-pill microfleece inner collar and upper storm flap. 100% Polyester brushed tricot knit pocket bags. Insulation: 100% Polyester soft fill body and collar. 140 g/m2 (4.1 oz/yd2). 100% Polyester soft fill sleeves. 100 g/m2 (3 oz/yd2). 100% Polyester soft fill hood. 80 g/m2 (2.4 oz/yd2).~S – 3XL~Polybag~TM197019912_5.jpg~TM197015502_5.jpg | TM197015502_11.jpg | TM197015502_13.jpg | TM197019402_2.jpg | TM197019402_3.jpg | TM197019402_7.jpg | TM197019912_1.jpg | TM197019912_2.jpg | TM197019912_9.jpg | TM197019952_1.jpg | TM197019952_2.jpg | TM19701995_B_ON_Cropped.jpg | TM197015502_12.jpg | TM197019912_8.jpg | TM197019952_4.jpg |~~Metro Blue / Navy | Grey Storm / Saffron | Grey / White | Black / Grey Storm~Metro Blue - Navy | Grey Storm - Saffron | Grey - White | Black - Grey Storm~~~~~~Embroider | Deboss | Transfer | HXD~Decorated item pricing includes one of the decoration options available for the product. Embroidery (where available) to a maximum of 10,000 stitches or HXD standard finish to a maximum of 30 sq cm.~0~1~Last created : 01/Mar/17~Subject to stock availability at time of order placement.  Allow 10-12 working days from artwork approval for final delivery to Brisbane, Sydney, Melbourne, Adelaide or Canberra only.  Allow additional time for deliveries direct to end-clients, other areas or multi-location shipments.~Prices are effective as of 1 March 2017   (Prices are subject to change without prior notice) ~Decorated item pricing includes one of the decoration options available for the product. Embroidery (where available) to a maximum of 10,000 stitches or HXD standard finish to a maximum of 30 sq cm.  Freight Charges: ALL deliveries will incur a charge of $10.00 for the first carton and $5 per additional carton Sydney, Melbourne, Brisbane, ACT and Adelaide metro.  Please contact our customer service team for pricing to WA and non-metro areas.  Deliveries to more than one location will incur the above delivery charges as well as a drop-ship charge of $10.00 per location.~1 Position~HXD~HXD~~~12~~12~215.69~50~183.29~100~182.78~250~182.46~500~176.28~~~~~~~Non-HXD Setup~75~375~375~HXD Setup~~ ~590~400~430~7.7~12~0.10148~Estimated only.  Actual shipping carton specifications may vary per order.~ALL deliveries will incur a charge of $10.00 for the first carton and $5 per additional carton Sydney, Melbourne, Brisbane, ACT and Adelaide metro.  Please contact our customer service team for pricing to WA and non-metro areas.  Deliveries to more than one location will incur the above delivery charges as well as a drop-ship charge of $10.00 per location.~http://www.therange.com.au/appa/?TM19701
111~S5191~Elevate~Elevate~327~~21TM19701~Ozark Insulated Jacket - Mens~~~Jackets/Insulated | ~Apparel | Jackets~Jackets |  Insulated |  Metro Blue  &  Navy |  Grey Storm  &  Saffron |  Grey  &  White |  Black  &  Grey Storm |  Elevate |  Outer Shell: 100% Polyester mechanical stretch woven with waterproof |  breathable membrane and water repellent finish. 125 g & m2 (3.7 oz & yd2). Contrast: 88% Polyester  &  12% Spandex knit storm cuffs.  |  Emboss |  Embroid |  Transfer |  HXD~~0~When the weather turns nastier, be ready with this fully seam-sealed jacket. The Ozark Insulated Jacket is constructed with ECHOHEAT thermal reflective technology that uses body heat to help keep you warm. Available in 4 distinctive colour  combinations. Laser not available on Black.~'Upper concealed reversed coil zipper pocket, Interior zipper and mesh sowable pocket_x000D_
Articulated elbows, Lower exposed contrast waterproof reversed coil zipper pockets, Interior media cord guide.Outer Shell: 100% Polyester mechanical stretch woven with waterproof, breathable membrane and water repellent finish. 125 g/m2 (3.7 oz/yd2). Contrast: 88% Polyester / 12% Spandex knit storm cuffs. Lining: 100% Polyester 240T ECHOHEAT™ body. 100% Polyester taffeta lower body, sleeves and hood. 100% Polyester anti-pill microfleece inner collar and upper storm flap. 100% Polyester brushed tricot knit pocket bags. Insulation: 100% Polyester soft fill body and collar. 140 g/m2 (4.1 oz/yd2). 100% Polyester soft fill sleeves. 100 g/m2 (3 oz/yd2). 100% Polyester soft fill hood. 80 g/m2 (2.4 oz/yd2).'~'Upper concealed reversed coil zipper pocket, Interior zipper and mesh sowable pocket_x000D_
Articulated elbows, Lower exposed contrast waterproof reversed coil zipper pockets, Interior media cord guide.'~Outer Shell: 100% Polyester mechanical stretch woven with waterproof, breathable membrane and water repellent finish. 125 g/m2 (3.7 oz/yd2). Contrast: 88% Polyester / 12% Spandex knit storm cuffs. Lining: 100% Polyester 240T ECHOHEAT™ body. 100% Polyester taffeta lower body, sleeves and hood. 100% Polyester anti-pill microfleece inner collar and upper storm flap. 100% Polyester brushed tricot knit pocket bags. Insulation: 100% Polyester soft fill body and collar. 140 g/m2 (4.1 oz/yd2). 100% Polyester soft fill sleeves. 100 g/m2 (3 oz/yd2). 100% Polyester soft fill hood. 80 g/m2 (2.4 oz/yd2).~S – 3XL~Polybag~TM197019912_5.jpg~TM197015502_5.jpg | TM197015502_11.jpg | TM197015502_13.jpg | TM197019402_2.jpg | TM197019402_3.jpg | TM197019402_7.jpg | TM197019912_1.jpg | TM197019912_2.jpg | TM197019912_9.jpg | TM197019952_1.jpg | TM197019952_2.jpg | TM19701995_B_ON_Cropped.jpg | TM197015502_12.jpg | TM197019912_8.jpg | TM197019952_4.jpg |~~Metro Blue / Navy | Grey Storm / Saffron | Grey / White | Black / Grey Storm~Metro Blue - Navy | Grey Storm - Saffron | Grey - White | Black - Grey Storm~~~~~~Embroider | Deboss | Transfer | HXD~Decorated item pricing includes one of the decoration options available for the product. Embroidery (where available) to a maximum of 10,000 stitches or HXD standard finish to a maximum of 30 sq cm.~0~1~Last created : 01/Mar/17~Subject to stock availability at time of order placement.  Allow 10-12 working days from artwork approval for final delivery to Brisbane, Sydney, Melbourne, Adelaide or Canberra only.  Allow additional time for deliveries direct to end-clients, other areas or multi-location shipments.~Prices are effective as of 1 March 2017   (Prices are subject to change without prior notice) ~Decorated item pricing includes one of the decoration options available for the product. Embroidery (where available) to a maximum of 10,000 stitches or HXD standard finish to a maximum of 30 sq cm.  Freight Charges: ALL deliveries will incur a charge of $10.00 for the first carton and $5 per additional carton Sydney, Melbourne, Brisbane, ACT and Adelaide metro.  Please contact our customer service team for pricing to WA and non-metro areas.  Deliveries to more than one location will incur the above delivery charges as well as a drop-ship charge of $10.00 per location.~1 Position~Transfer~Transfer~~~12~~12~215.69~50~183.29~100~182.78~250~182.46~500~176.28~~~~~~~Non-HXD Setup~75~110~110~HXD Setup~110~ ~590~400~430~7.7~12~0.10148~Estimated only.  Actual shipping carton specifications may vary per order.~ALL deliveries will incur a charge of $10.00 for the first carton and $5 per additional carton Sydney, Melbourne, Brisbane, ACT and Adelaide metro.  Please contact our customer service team for pricing to WA and non-metro areas.  Deliveries to more than one location will incur the above delivery charges as well as a drop-ship charge of $10.00 per location.~http://www.therange.com.au/appa/?TM19701
112~S5191~Elevate~Elevate~328~~21TM99701~Ozark Insulated Jacket - Womens~~~Jackets/Insulated | ~Apparel | Jackets~Jackets |  Insulated |  Metro Blue  &  Navy |  Grey Storm  &  Saffron |  Grey  &  White |  Black  &  Grey Storm |  Elevate |  Outer Shell: 100% Polyester mechanical stretch woven with waterproof |  breathable membrane and water repellent finish. 125 g & m2 (3.7 oz & yd2). Contrast: 88% Polyester  &  12% Spandex knit storm cuffs.  |  Emboss |  Embroid |  Transfer |  HXD~~0~'When the weather turns nastier, be ready with this fully seam-sealed jacket. The Ozark Insulated Jacket is constructed with ECHOHEAT thermal reflective technology that uses body heat to help keep you warm. Available in four distinctive colour combinations._x000D_
_x000D_
Laser not available on Black.'~Upper concealed reversed coil zipper pocket, Interior zipper and mesh sowable pocket, Articulated elbows, Lower exposed contrast waterproof reversed coil zipper pockets, Interior media cord guide.Outer Shell: 100% Polyester mechanical stretch woven with waterproof, breathable membrane and water repellent finish. 125 g/m2 (3.7 oz/yd2). Contrast: 88% Polyester / 12% Spandex knit storm cuffs. Lining: 100% Polyester 240T ECHOHEAT™ body. 100% Polyester taffeta lower body, sleeves and hood. 100% Polyester anti-pill microfleece inner collar and upper storm flap. 100% Polyester brushed tricot knit pocket bags. Insulation: 100% Polyester soft fill body and collar. 140 g/m2 (4.1 oz/yd2). 100% Polyester soft fill sleeves. 100 g/m2 (3 oz/yd2). 100% Polyester soft fill hood. 80 g/m2 (2.4 oz/yd2).~Upper concealed reversed coil zipper pocket, Interior zipper and mesh sowable pocket, Articulated elbows, Lower exposed contrast waterproof reversed coil zipper pockets, Interior media cord guide.~Outer Shell: 100% Polyester mechanical stretch woven with waterproof, breathable membrane and water repellent finish. 125 g/m2 (3.7 oz/yd2). Contrast: 88% Polyester / 12% Spandex knit storm cuffs. Lining: 100% Polyester 240T ECHOHEAT™ body. 100% Polyester taffeta lower body, sleeves and hood. 100% Polyester anti-pill microfleece inner collar and upper storm flap. 100% Polyester brushed tricot knit pocket bags. Insulation: 100% Polyester soft fill body and collar. 140 g/m2 (4.1 oz/yd2). 100% Polyester soft fill sleeves. 100 g/m2 (3 oz/yd2). 100% Polyester soft fill hood. 80 g/m2 (2.4 oz/yd2).~XS - 2XL~Polybag~TM997019401_2.jpg~TM99701995_ON_B_LB.jpg | TM99701995_ON_LB-2.jpg | TM997015501_1.jpg | TM997019401_1.jpg | TM997019911_1.jpg | TM997019911_2.jpg | TM997019911_4.jpg | TM997019951_1.jpg | TM997019951_2.jpg | TM997015501_2.jpg | TM99701940_B_ON_Cropped-1.jpg |~~Metro Blue / Navy | Grey Storm / Saffron | Grey / White | Black / Grey Storm~Metro Blue - Navy | Grey Storm - Saffron | Grey - White | Black - Grey Storm~~~~~~Embroider | Deboss | Transfer | HXD~Decorated item pricing includes one of the decoration options available for the product. Embroidery (where available) to a maximum of 10,000 stitches or HXD standard finish to a maximum of 30 sq cm.~0~1~Last created : 01/Mar/17~Subject to stock availability at time of order placement.  Allow 10-12 working days from artwork approval for final delivery to Brisbane, Sydney, Melbourne, Adelaide or Canberra only.  Allow additional time for deliveries direct to end-clients, other areas or multi-location shipments.~Prices are effective as of 1 March 2017   (Prices are subject to change without prior notice) ~Decorated item pricing includes one of the decoration options available for the product. Embroidery (where available) to a maximum of 10,000 stitches or HXD standard finish to a maximum of 30 sq cm.  Freight Charges: ALL deliveries will incur a charge of $10.00 for the first carton and $5 per additional carton Sydney, Melbourne, Brisbane, ACT and Adelaide metro.  Please contact our customer service team for pricing to WA and non-metro areas.  Deliveries to more than one location will incur the above delivery charges as well as a drop-ship charge of $10.00 per location.~1 Position~Embroidery~Embroidery~~~12~~12~215.69~50~183.29~100~182.78~250~182.46~500~176.28~~~~~~~Non-HXD Setup~~110~110~HXD Setup~110~ ~590~400~430~7.7~12~0.10148~Estimated only.  Actual shipping carton specifications may vary per order.~ALL deliveries will incur a charge of $10.00 for the first carton and $5 per additional carton Sydney, Melbourne, Brisbane, ACT and Adelaide metro.  Please contact our customer service team for pricing to WA and non-metro areas.  Deliveries to more than one location will incur the above delivery charges as well as a drop-ship charge of $10.00 per location.~http://www.therange.com.au/appa/?TM99701
112~S5191~Elevate~Elevate~329~~21TM99701~Ozark Insulated Jacket - Womens~~~Jackets/Insulated | ~Apparel | Jackets~Jackets |  Insulated |  Metro Blue  &  Navy |  Grey Storm  &  Saffron |  Grey  &  White |  Black  &  Grey Storm |  Elevate |  Outer Shell: 100% Polyester mechanical stretch woven with waterproof |  breathable membrane and water repellent finish. 125 g & m2 (3.7 oz & yd2). Contrast: 88% Polyester  &  12% Spandex knit storm cuffs.  |  Emboss |  Embroid |  Transfer |  HXD~~0~'When the weather turns nastier, be ready with this fully seam-sealed jacket. The Ozark Insulated Jacket is constructed with ECHOHEAT thermal reflective technology that uses body heat to help keep you warm. Available in four distinctive colour combinations._x000D_
_x000D_
Laser not available on Black.'~Upper concealed reversed coil zipper pocket, Interior zipper and mesh sowable pocket, Articulated elbows, Lower exposed contrast waterproof reversed coil zipper pockets, Interior media cord guide.Outer Shell: 100% Polyester mechanical stretch woven with waterproof, breathable membrane and water repellent finish. 125 g/m2 (3.7 oz/yd2). Contrast: 88% Polyester / 12% Spandex knit storm cuffs. Lining: 100% Polyester 240T ECHOHEAT™ body. 100% Polyester taffeta lower body, sleeves and hood. 100% Polyester anti-pill microfleece inner collar and upper storm flap. 100% Polyester brushed tricot knit pocket bags. Insulation: 100% Polyester soft fill body and collar. 140 g/m2 (4.1 oz/yd2). 100% Polyester soft fill sleeves. 100 g/m2 (3 oz/yd2). 100% Polyester soft fill hood. 80 g/m2 (2.4 oz/yd2).~Upper concealed reversed coil zipper pocket, Interior zipper and mesh sowable pocket, Articulated elbows, Lower exposed contrast waterproof reversed coil zipper pockets, Interior media cord guide.~Outer Shell: 100% Polyester mechanical stretch woven with waterproof, breathable membrane and water repellent finish. 125 g/m2 (3.7 oz/yd2). Contrast: 88% Polyester / 12% Spandex knit storm cuffs. Lining: 100% Polyester 240T ECHOHEAT™ body. 100% Polyester taffeta lower body, sleeves and hood. 100% Polyester anti-pill microfleece inner collar and upper storm flap. 100% Polyester brushed tricot knit pocket bags. Insulation: 100% Polyester soft fill body and collar. 140 g/m2 (4.1 oz/yd2). 100% Polyester soft fill sleeves. 100 g/m2 (3 oz/yd2). 100% Polyester soft fill hood. 80 g/m2 (2.4 oz/yd2).~XS - 2XL~Polybag~TM997019401_2.jpg~TM99701995_ON_B_LB.jpg | TM99701995_ON_LB-2.jpg | TM997015501_1.jpg | TM997019401_1.jpg | TM997019911_1.jpg | TM997019911_2.jpg | TM997019911_4.jpg | TM997019951_1.jpg | TM997019951_2.jpg | TM997015501_2.jpg | TM99701940_B_ON_Cropped-1.jpg |~~Metro Blue / Navy | Grey Storm / Saffron | Grey / White | Black / Grey Storm~Metro Blue - Navy | Grey Storm - Saffron | Grey - White | Black - Grey Storm~~~~~~Embroider | Deboss | Transfer | HXD~Decorated item pricing includes one of the decoration options available for the product. Embroidery (where available) to a maximum of 10,000 stitches or HXD standard finish to a maximum of 30 sq cm.~0~1~Last created : 01/Mar/17~Subject to stock availability at time of order placement.  Allow 10-12 working days from artwork approval for final delivery to Brisbane, Sydney, Melbourne, Adelaide or Canberra only.  Allow additional time for deliveries direct to end-clients, other areas or multi-location shipments.~Prices are effective as of 1 March 2017   (Prices are subject to change without prior notice) ~Decorated item pricing includes one of the decoration options available for the product. Embroidery (where available) to a maximum of 10,000 stitches or HXD standard finish to a maximum of 30 sq cm.  Freight Charges: ALL deliveries will incur a charge of $10.00 for the first carton and $5 per additional carton Sydney, Melbourne, Brisbane, ACT and Adelaide metro.  Please contact our customer service team for pricing to WA and non-metro areas.  Deliveries to more than one location will incur the above delivery charges as well as a drop-ship charge of $10.00 per location.~1 Position~HXD~HXD~~~12~~12~215.69~50~183.29~100~182.78~250~182.46~500~176.28~~~~~~~Non-HXD Setup~75~375~375~HXD Setup~~ ~590~400~430~7.7~12~0.10148~Estimated only.  Actual shipping carton specifications may vary per order.~ALL deliveries will incur a charge of $10.00 for the first carton and $5 per additional carton Sydney, Melbourne, Brisbane, ACT and Adelaide metro.  Please contact our customer service team for pricing to WA and non-metro areas.  Deliveries to more than one location will incur the above delivery charges as well as a drop-ship charge of $10.00 per location.~http://www.therange.com.au/appa/?TM99701
130~S5191~Elevate~Elevate~382~~21TM98124~Sonoma  Hybrid Knit Jacket - Womens~~~Fleece & Knits/Active | ~Apparel | Jackets~Fleece & Knits |  Active |  White & Black |  Team Red & Black |  Olympic Blue & Black |  Black Smoke & Black |  Elevate |  94% Polyester  &  6% Spandex interlock knit with anti-pill brushed back. 255 g & m2 (7.5 oz & yd2). Contrast: 100% Polyester ripstop woven overlay. |  Emboss |  Embroid |  Laser |  Transfer |  HXD~~0~'For todays active lifestyle, this garment with its dramatic, modern styling makes an immediate statement. The Sonoma Hybrid Knit Jacket redefines the outdoor sport market with a host of technical features including a reversed coil zipper with silver reflecting printed stripe, interior media exit port, built-in media pocket and much more. Available in four contrasting colour patterns._x000D_
_x000D_
Laser not available on White.'~Interior zipper flap with contrast chin guard, Lower concealed coil zipper pockets, Upper sleeve exposed contrast reversed coil zipper pocket, Coverstitch detail, Built in media pocket and interior media exit port with cord guide, System ready liner with loops on exterior center back neck & exterior sleeves.94% Polyester / 6% Spandex interlock knit with anti-pill brushed back. 255 g/m2 (7.5 oz/yd2). Contrast: 100% Polyester ripstop woven overlay.~Interior zipper flap with contrast chin guard, Lower concealed coil zipper pockets, Upper sleeve exposed contrast reversed coil zipper pocket, Coverstitch detail, Built in media pocket and interior media exit port with cord guide, System ready liner with loops on exterior center back neck & exterior sleeves.~94% Polyester / 6% Spandex interlock knit with anti-pill brushed back. 255 g/m2 (7.5 oz/yd2). Contrast: 100% Polyester ripstop woven overlay.~XS - 2XL~Polybag~TM98124431_B_OFF.jpg~TM98124125_A_OFF.jpg | TM98124125_B_OFF.jpg | TM98124431_A_OFF.jpg | TM98124358_A_OFF.jpg | TM98124358_B_OFF.jpg | TM98124994_A_OFF.jpg | TM98124994_B_OFF.jpg | TM98124358_B_ON_Cropped-1.jpg | TM98124431_D-1_ON.jpg | TM98124431_D_ON.jpg |~~White/Black | Team Red/Black | Olympic Blue/Black | Black Smoke/Black~White-Black | Team Red-Black | Olympic Blue-Black | Black Smoke-Black~~~~~~Embroider | Deboss | Laser | Transfer | HXD~Decorated item pricing includes one of the decoration options available for the product. Embroidery (where available) to a maximum of 10,000 stitches or HXD standard finish to a maximum of 30 sq cm.~0~1~Last created : 01/Mar/17~Subject to stock availability at time of order placement.  Allow 10-12 working days from artwork approval for final delivery to Brisbane, Sydney, Melbourne, Adelaide or Canberra only.  Allow additional time for deliveries direct to end-clients, other areas or multi-location shipments.~Prices are effective as of 1 March 2017   (Prices are subject to change without prior notice) ~Decorated item pricing includes one of the decoration options available for the product. Embroidery (where available) to a maximum of 10,000 stitches or HXD standard finish to a maximum of 30 sq cm.  Freight Charges: ALL deliveries will incur a charge of $10.00 for the first carton and $5 per additional carton Sydney, Melbourne, Brisbane, ACT and Adelaide metro.  Please contact our customer service team for pricing to WA and non-metro areas.  Deliveries to more than one location will incur the above delivery charges as well as a drop-ship charge of $10.00 per location.~1 Position~Embroidery~Embroidery~~~12~~12~111.27~50~93.14~100~85.32~250~85.22~500~82.26~~~~~~~Non-HXD Setup~~110~110~HXD Setup~110~ ~570~380~300~7~16~0.06498~Estimated only.  Actual shipping carton specifications may vary per order.~ALL deliveries will incur a charge of $10.00 for the first carton and $5 per additional carton Sydney, Melbourne, Brisbane, ACT and Adelaide metro.  Please contact our customer service team for pricing to WA and non-metro areas.  Deliveries to more than one location will incur the above delivery charges as well as a drop-ship charge of $10.00 per location.~http://www.therange.com.au/appa/?TM98124
130~S5191~Elevate~Elevate~383~~21TM98124~Sonoma  Hybrid Knit Jacket - Womens~~~Fleece & Knits/Active | ~Apparel | Jackets~Fleece & Knits |  Active |  White & Black |  Team Red & Black |  Olympic Blue & Black |  Black Smoke & Black |  Elevate |  94% Polyester  &  6% Spandex interlock knit with anti-pill brushed back. 255 g & m2 (7.5 oz & yd2). Contrast: 100% Polyester ripstop woven overlay. |  Emboss |  Embroid |  Laser |  Transfer |  HXD~~0~'For todays active lifestyle, this garment with its dramatic, modern styling makes an immediate statement. The Sonoma Hybrid Knit Jacket redefines the outdoor sport market with a host of technical features including a reversed coil zipper with silver reflecting printed stripe, interior media exit port, built-in media pocket and much more. Available in four contrasting colour patterns._x000D_
_x000D_
Laser not available on White.'~Interior zipper flap with contrast chin guard, Lower concealed coil zipper pockets, Upper sleeve exposed contrast reversed coil zipper pocket, Coverstitch detail, Built in media pocket and interior media exit port with cord guide, System ready liner with loops on exterior center back neck & exterior sleeves.94% Polyester / 6% Spandex interlock knit with anti-pill brushed back. 255 g/m2 (7.5 oz/yd2). Contrast: 100% Polyester ripstop woven overlay.~Interior zipper flap with contrast chin guard, Lower concealed coil zipper pockets, Upper sleeve exposed contrast reversed coil zipper pocket, Coverstitch detail, Built in media pocket and interior media exit port with cord guide, System ready liner with loops on exterior center back neck & exterior sleeves.~94% Polyester / 6% Spandex interlock knit with anti-pill brushed back. 255 g/m2 (7.5 oz/yd2). Contrast: 100% Polyester ripstop woven overlay.~XS - 2XL~Polybag~TM98124431_B_OFF.jpg~TM98124125_A_OFF.jpg | TM98124125_B_OFF.jpg | TM98124431_A_OFF.jpg | TM98124358_A_OFF.jpg | TM98124358_B_OFF.jpg | TM98124994_A_OFF.jpg | TM98124994_B_OFF.jpg | TM98124358_B_ON_Cropped-1.jpg | TM98124431_D-1_ON.jpg | TM98124431_D_ON.jpg |~~White/Black | Team Red/Black | Olympic Blue/Black | Black Smoke/Black~White-Black | Team Red-Black | Olympic Blue-Black | Black Smoke-Black~~~~~~Embroider | Deboss | Laser | Transfer | HXD~Decorated item pricing includes one of the decoration options available for the product. Embroidery (where available) to a maximum of 10,000 stitches or HXD standard finish to a maximum of 30 sq cm.~0~1~Last created : 01/Mar/17~Subject to stock availability at time of order placement.  Allow 10-12 working days from artwork approval for final delivery to Brisbane, Sydney, Melbourne, Adelaide or Canberra only.  Allow additional time for deliveries direct to end-clients, other areas or multi-location shipments.~Prices are effective as of 1 March 2017   (Prices are subject to change without prior notice) ~Decorated item pricing includes one of the decoration options available for the product. Embroidery (where available) to a maximum of 10,000 stitches or HXD standard finish to a maximum of 30 sq cm.  Freight Charges: ALL deliveries will incur a charge of $10.00 for the first carton and $5 per additional carton Sydney, Melbourne, Brisbane, ACT and Adelaide metro.  Please contact our customer service team for pricing to WA and non-metro areas.  Deliveries to more than one location will incur the above delivery charges as well as a drop-ship charge of $10.00 per location.~1 Position~HXD~HXD~~~12~~12~111.27~50~93.14~100~85.32~250~85.22~500~82.26~~~~~~~Non-HXD Setup~75~375~375~HXD Setup~~ ~570~380~300~7~16~0.06498~Estimated only.  Actual shipping carton specifications may vary per order.~ALL deliveries will incur a charge of $10.00 for the first carton and $5 per additional carton Sydney, Melbourne, Brisbane, ACT and Adelaide metro.  Please contact our customer service team for pricing to WA and non-metro areas.  Deliveries to more than one location will incur the above delivery charges as well as a drop-ship charge of $10.00 per location.~http://www.therange.com.au/appa/?TM98124
130~S5191~Elevate~Elevate~384~~21TM98124~Sonoma  Hybrid Knit Jacket - Womens~~~Fleece & Knits/Active | ~Apparel | Jackets~Fleece & Knits |  Active |  White & Black |  Team Red & Black |  Olympic Blue & Black |  Black Smoke & Black |  Elevate |  94% Polyester  &  6% Spandex interlock knit with anti-pill brushed back. 255 g & m2 (7.5 oz & yd2). Contrast: 100% Polyester ripstop woven overlay. |  Emboss |  Embroid |  Laser |  Transfer |  HXD~~0~'For todays active lifestyle, this garment with its dramatic, modern styling makes an immediate statement. The Sonoma Hybrid Knit Jacket redefines the outdoor sport market with a host of technical features including a reversed coil zipper with silver reflecting printed stripe, interior media exit port, built-in media pocket and much more. Available in four contrasting colour patterns._x000D_
_x000D_
Laser not available on White.'~Interior zipper flap with contrast chin guard, Lower concealed coil zipper pockets, Upper sleeve exposed contrast reversed coil zipper pocket, Coverstitch detail, Built in media pocket and interior media exit port with cord guide, System ready liner with loops on exterior center back neck & exterior sleeves.94% Polyester / 6% Spandex interlock knit with anti-pill brushed back. 255 g/m2 (7.5 oz/yd2). Contrast: 100% Polyester ripstop woven overlay.~Interior zipper flap with contrast chin guard, Lower concealed coil zipper pockets, Upper sleeve exposed contrast reversed coil zipper pocket, Coverstitch detail, Built in media pocket and interior media exit port with cord guide, System ready liner with loops on exterior center back neck & exterior sleeves.~94% Polyester / 6% Spandex interlock knit with anti-pill brushed back. 255 g/m2 (7.5 oz/yd2). Contrast: 100% Polyester ripstop woven overlay.~XS - 2XL~Polybag~TM98124431_B_OFF.jpg~TM98124125_A_OFF.jpg | TM98124125_B_OFF.jpg | TM98124431_A_OFF.jpg | TM98124358_A_OFF.jpg | TM98124358_B_OFF.jpg | TM98124994_A_OFF.jpg | TM98124994_B_OFF.jpg | TM98124358_B_ON_Cropped-1.jpg | TM98124431_D-1_ON.jpg | TM98124431_D_ON.jpg |~~White/Black | Team Red/Black | Olympic Blue/Black | Black Smoke/Black~White-Black | Team Red-Black | Olympic Blue-Black | Black Smoke-Black~~~~~~Embroider | Deboss | Laser | Transfer | HXD~Decorated item pricing includes one of the decoration options available for the product. Embroidery (where available) to a maximum of 10,000 stitches or HXD standard finish to a maximum of 30 sq cm.~0~1~Last created : 01/Mar/17~Subject to stock availability at time of order placement.  Allow 10-12 working days from artwork approval for final delivery to Brisbane, Sydney, Melbourne, Adelaide or Canberra only.  Allow additional time for deliveries direct to end-clients, other areas or multi-location shipments.~Prices are effective as of 1 March 2017   (Prices are subject to change without prior notice) ~Decorated item pricing includes one of the decoration options available for the product. Embroidery (where available) to a maximum of 10,000 stitches or HXD standard finish to a maximum of 30 sq cm.  Freight Charges: ALL deliveries will incur a charge of $10.00 for the first carton and $5 per additional carton Sydney, Melbourne, Brisbane, ACT and Adelaide metro.  Please contact our customer service team for pricing to WA and non-metro areas.  Deliveries to more than one location will incur the above delivery charges as well as a drop-ship charge of $10.00 per location.~1 Position~Transfer~Transfer~~~12~~12~111.27~50~93.14~100~85.32~250~85.22~500~82.26~~~~~~~Non-HXD Setup~75~110~110~HXD Setup~110~ ~570~380~300~7~16~0.06498~Estimated only.  Actual shipping carton specifications may vary per order.~ALL deliveries will incur a charge of $10.00 for the first carton and $5 per additional carton Sydney, Melbourne, Brisbane, ACT and Adelaide metro.  Please contact our customer service team for pricing to WA and non-metro areas.  Deliveries to more than one location will incur the above delivery charges as well as a drop-ship charge of $10.00 per location.~http://www.therange.com.au/appa/?TM98124
131~S5191~Elevate~Elevate~385~~21TM18124~Sonoma Hybrid Knit Jacket - Mens~~~Fleece & Knits/Active | ~Apparel | Jackets~Fleece & Knits |  Active |  White & Black |  Team Red & Black |  Olympic Blue & Black |  Black Smoke & Black |  Elevate |  94% Polyester  &  6% Spandex interlock knit with anti-pill brushed back. 255 g & m2 (7.5 oz & yd2). Contrast: 100% Polyester ripstop woven overlay. |  Emboss |  Embroid |  Laser |  Transfer |  HXD~~0~'For todays active lifestyle, this garment with its dramatic, modern styling makes an immediate statement. The Sonoma Hybrid Knit Jacket redefines the outdoor sport market with a host of technical features including a reversed coil zipper with silver reflecting printed stripe, interior media exit port, built-in media pocket and much more.  Available in four contrasting colour patterns._x000D_
_x000D_
Laser not available on White.'~Interior zipper flap with contrast chin guard, Lower concealed coil zipper pockets, Upper sleeve exposed contrast reversed coil zipper pocket, Coverstitch detail, Built in media pocket and interior media exit port with cord guide, System ready liner with loops on exterior center back neck & exterior sleeves.94% Polyester / 6% Spandex interlock knit with anti-pill brushed back. 255 g/m2 (7.5 oz/yd2). Contrast: 100% Polyester ripstop woven overlay.~Interior zipper flap with contrast chin guard, Lower concealed coil zipper pockets, Upper sleeve exposed contrast reversed coil zipper pocket, Coverstitch detail, Built in media pocket and interior media exit port with cord guide, System ready liner with loops on exterior center back neck & exterior sleeves.~94% Polyester / 6% Spandex interlock knit with anti-pill brushed back. 255 g/m2 (7.5 oz/yd2). Contrast: 100% Polyester ripstop woven overlay.~S – 3XL~Polybag~TM18124125_B_OFF.jpg~TM18124125_A_OFF.jpg | TM18124358_A_OFF.jpg | TM18124358_B_OFF.jpg | TM18124431_A_OFF.jpg | TM18124431_B_OFF.jpg | TM18124994_A_OFF.jpg | TM18124994_B_OFF.jpg | TM18124125_B_ON_Cropped-1.jpg | TM18124358_D-1_ON.jpg | TM18124358_D-2_ON.jpg |~~White/Black | Team Red/Black | Olympic Blue/Black | Black Smoke/Black~White-Black | Team Red-Black | Olympic Blue-Black | Black Smoke-Black~~~~~~Embroider | Deboss | Laser | Transfer | HXD~Decorated item pricing includes one of the decoration options available for the product. Embroidery (where available) to a maximum of 10,000 stitches or HXD standard finish to a maximum of 30 sq cm.~0~1~Last created : 01/Mar/17~Subject to stock availability at time of order placement.  Allow 10-12 working days from artwork approval for final delivery to Brisbane, Sydney, Melbourne, Adelaide or Canberra only.  Allow additional time for deliveries direct to end-clients, other areas or multi-location shipments.~Prices are effective as of 1 March 2017   (Prices are subject to change without prior notice) ~Decorated item pricing includes one of the decoration options available for the product. Embroidery (where available) to a maximum of 10,000 stitches or HXD standard finish to a maximum of 30 sq cm.  Freight Charges: ALL deliveries will incur a charge of $10.00 for the first carton and $5 per additional carton Sydney, Melbourne, Brisbane, ACT and Adelaide metro.  Please contact our customer service team for pricing to WA and non-metro areas.  Deliveries to more than one location will incur the above delivery charges as well as a drop-ship charge of $10.00 per location.~1 Position~Embroidery~Embroidery~~~12~~12~111.27~50~93.14~100~85.32~250~85.22~500~82.26~~~~~~~Non-HXD Setup~~110~110~HXD Setup~110~ ~570~380~300~7~16~0.06498~Estimated only.  Actual shipping carton specifications may vary per order.~ALL deliveries will incur a charge of $10.00 for the first carton and $5 per additional carton Sydney, Melbourne, Brisbane, ACT and Adelaide metro.  Please contact our customer service team for pricing to WA and non-metro areas.  Deliveries to more than one location will incur the above delivery charges as well as a drop-ship charge of $10.00 per location.~http://www.therange.com.au/appa/?TM18124
131~S5191~Elevate~Elevate~386~~21TM18124~Sonoma Hybrid Knit Jacket - Mens~~~Fleece & Knits/Active | ~Apparel | Jackets~Fleece & Knits |  Active |  White & Black |  Team Red & Black |  Olympic Blue & Black |  Black Smoke & Black |  Elevate |  94% Polyester  &  6% Spandex interlock knit with anti-pill brushed back. 255 g & m2 (7.5 oz & yd2). Contrast: 100% Polyester ripstop woven overlay. |  Emboss |  Embroid |  Laser |  Transfer |  HXD~~0~'For todays active lifestyle, this garment with its dramatic, modern styling makes an immediate statement. The Sonoma Hybrid Knit Jacket redefines the outdoor sport market with a host of technical features including a reversed coil zipper with silver reflecting printed stripe, interior media exit port, built-in media pocket and much more.  Available in four contrasting colour patterns._x000D_
_x000D_
Laser not available on White.'~Interior zipper flap with contrast chin guard, Lower concealed coil zipper pockets, Upper sleeve exposed contrast reversed coil zipper pocket, Coverstitch detail, Built in media pocket and interior media exit port with cord guide, System ready liner with loops on exterior center back neck & exterior sleeves.94% Polyester / 6% Spandex interlock knit with anti-pill brushed back. 255 g/m2 (7.5 oz/yd2). Contrast: 100% Polyester ripstop woven overlay.~Interior zipper flap with contrast chin guard, Lower concealed coil zipper pockets, Upper sleeve exposed contrast reversed coil zipper pocket, Coverstitch detail, Built in media pocket and interior media exit port with cord guide, System ready liner with loops on exterior center back neck & exterior sleeves.~94% Polyester / 6% Spandex interlock knit with anti-pill brushed back. 255 g/m2 (7.5 oz/yd2). Contrast: 100% Polyester ripstop woven overlay.~S – 3XL~Polybag~TM18124125_B_OFF.jpg~TM18124125_A_OFF.jpg | TM18124358_A_OFF.jpg | TM18124358_B_OFF.jpg | TM18124431_A_OFF.jpg | TM18124431_B_OFF.jpg | TM18124994_A_OFF.jpg | TM18124994_B_OFF.jpg | TM18124125_B_ON_Cropped-1.jpg | TM18124358_D-1_ON.jpg | TM18124358_D-2_ON.jpg |~~White/Black | Team Red/Black | Olympic Blue/Black | Black Smoke/Black~White-Black | Team Red-Black | Olympic Blue-Black | Black Smoke-Black~~~~~~Embroider | Deboss | Laser | Transfer | HXD~Decorated item pricing includes one of the decoration options available for the product. Embroidery (where available) to a maximum of 10,000 stitches or HXD standard finish to a maximum of 30 sq cm.~0~1~Last created : 01/Mar/17~Subject to stock availability at time of order placement.  Allow 10-12 working days from artwork approval for final delivery to Brisbane, Sydney, Melbourne, Adelaide or Canberra only.  Allow additional time for deliveries direct to end-clients, other areas or multi-location shipments.~Prices are effective as of 1 March 2017   (Prices are subject to change without prior notice) ~Decorated item pricing includes one of the decoration options available for the product. Embroidery (where available) to a maximum of 10,000 stitches or HXD standard finish to a maximum of 30 sq cm.  Freight Charges: ALL deliveries will incur a charge of $10.00 for the first carton and $5 per additional carton Sydney, Melbourne, Brisbane, ACT and Adelaide metro.  Please contact our customer service team for pricing to WA and non-metro areas.  Deliveries to more than one location will incur the above delivery charges as well as a drop-ship charge of $10.00 per location.~1 Position~HXD~HXD~~~12~~12~111.27~50~93.14~100~85.32~250~85.22~500~82.26~~~~~~~Non-HXD Setup~75~375~375~HXD Setup~~ ~570~380~300~7~16~0.06498~Estimated only.  Actual shipping carton specifications may vary per order.~ALL deliveries will incur a charge of $10.00 for the first carton and $5 per additional carton Sydney, Melbourne, Brisbane, ACT and Adelaide metro.  Please contact our customer service team for pricing to WA and non-metro areas.  Deliveries to more than one location will incur the above delivery charges as well as a drop-ship charge of $10.00 per location.~http://www.therange.com.au/appa/?TM18124
131~S5191~Elevate~Elevate~387~~21TM18124~Sonoma Hybrid Knit Jacket - Mens~~~Fleece & Knits/Active | ~Apparel | Jackets~Fleece & Knits |  Active |  White & Black |  Team Red & Black |  Olympic Blue & Black |  Black Smoke & Black |  Elevate |  94% Polyester  &  6% Spandex interlock knit with anti-pill brushed back. 255 g & m2 (7.5 oz & yd2). Contrast: 100% Polyester ripstop woven overlay. |  Emboss |  Embroid |  Laser |  Transfer |  HXD~~0~'For todays active lifestyle, this garment with its dramatic, modern styling makes an immediate statement. The Sonoma Hybrid Knit Jacket redefines the outdoor sport market with a host of technical features including a reversed coil zipper with silver reflecting printed stripe, interior media exit port, built-in media pocket and much more.  Available in four contrasting colour patterns._x000D_
_x000D_
Laser not available on White.'~Interior zipper flap with contrast chin guard, Lower concealed coil zipper pockets, Upper sleeve exposed contrast reversed coil zipper pocket, Coverstitch detail, Built in media pocket and interior media exit port with cord guide, System ready liner with loops on exterior center back neck & exterior sleeves.94% Polyester / 6% Spandex interlock knit with anti-pill brushed back. 255 g/m2 (7.5 oz/yd2). Contrast: 100% Polyester ripstop woven overlay.~Interior zipper flap with contrast chin guard, Lower concealed coil zipper pockets, Upper sleeve exposed contrast reversed coil zipper pocket, Coverstitch detail, Built in media pocket and interior media exit port with cord guide, System ready liner with loops on exterior center back neck & exterior sleeves.~94% Polyester / 6% Spandex interlock knit with anti-pill brushed back. 255 g/m2 (7.5 oz/yd2). Contrast: 100% Polyester ripstop woven overlay.~S – 3XL~Polybag~TM18124125_B_OFF.jpg~TM18124125_A_OFF.jpg | TM18124358_A_OFF.jpg | TM18124358_B_OFF.jpg | TM18124431_A_OFF.jpg | TM18124431_B_OFF.jpg | TM18124994_A_OFF.jpg | TM18124994_B_OFF.jpg | TM18124125_B_ON_Cropped-1.jpg | TM18124358_D-1_ON.jpg | TM18124358_D-2_ON.jpg |~~White/Black | Team Red/Black | Olympic Blue/Black | Black Smoke/Black~White-Black | Team Red-Black | Olympic Blue-Black | Black Smoke-Black~~~~~~Embroider | Deboss | Laser | Transfer | HXD~Decorated item pricing includes one of the decoration options available for the product. Embroidery (where available) to a maximum of 10,000 stitches or HXD standard finish to a maximum of 30 sq cm.~0~1~Last created : 01/Mar/17~Subject to stock availability at time of order placement.  Allow 10-12 working days from artwork approval for final delivery to Brisbane, Sydney, Melbourne, Adelaide or Canberra only.  Allow additional time for deliveries direct to end-clients, other areas or multi-location shipments.~Prices are effective as of 1 March 2017   (Prices are subject to change without prior notice) ~Decorated item pricing includes one of the decoration options available for the product. Embroidery (where available) to a maximum of 10,000 stitches or HXD standard finish to a maximum of 30 sq cm.  Freight Charges: ALL deliveries will incur a charge of $10.00 for the first carton and $5 per additional carton Sydney, Melbourne, Brisbane, ACT and Adelaide metro.  Please contact our customer service team for pricing to WA and non-metro areas.  Deliveries to more than one location will incur the above delivery charges as well as a drop-ship charge of $10.00 per location.~1 Position~Transfer~Transfer~~~12~~12~111.27~50~93.14~100~85.32~250~85.22~500~82.26~~~~~~~Non-HXD Setup~75~110~110~HXD Setup~110~ ~570~380~300~7~16~0.06498~Estimated only.  Actual shipping carton specifications may vary per order.~ALL deliveries will incur a charge of $10.00 for the first carton and $5 per additional carton Sydney, Melbourne, Brisbane, ACT and Adelaide metro.  Please contact our customer service team for pricing to WA and non-metro areas.  Deliveries to more than one location will incur the above delivery charges as well as a drop-ship charge of $10.00 per location.~http://www.therange.com.au/appa/?TM18124
